ID,city,year,emission
上海1997,上海,1997,103.1874065
上海1998,上海,1998,104.4441678
上海1999,上海,1999,115.5501655
上海2000,上海,2000,117.9739141
上海2001,上海,2001,122.5445532
上海2002,上海,2002,128.4339011
上海2003,上海,2003,136.9788016
上海2004,上海,2004,148.7175914
上海2005,上海,2005,158.9390209
上海2006,上海,2006,165.2431456
上海2007,上海,2007,174.7746792
上海2008,上海,2008,178.1546104
上海2009,上海,2009,179.0588244
上海2010,上海,2010,195.503096
上海2011,上海,2011,201.4947564
上海2012,上海,2012,195.9264595
上海2013,上海,2013,207.6336928
上海2014,上海,2014,194.2200151
上海2015,上海,2015,195.3238483
上海2016,上海,2016,194.7098509
上海2017,上海,2017,196.153572
上海2018,上海,2018,190.6416671
上海2019,上海,2019,192.9122403
江苏南京2000,江苏南京,2000,41.26783318
江苏南京2001,江苏南京,2001,41.40142783
江苏南京2002,江苏南京,2002,56.29273837
江苏南京2003,江苏南京,2003,62.91474417
江苏南京2004,江苏南京,2004,80.60939214
江苏南京2005,江苏南京,2005,76.41412522
江苏南京2006,江苏南京,2006,95.18052768
江苏南京2007,江苏南京,2007,100.126021
江苏南京2008,江苏南京,2008,94.23507698
江苏南京2009,江苏南京,2009,105.2322192
江苏南京2010,江苏南京,2010,113.168911
江苏南京2011,江苏南京,2011,144.5218468
江苏南京2012,江苏南京,2012,139.4650889
江苏南京2013,江苏南京,2013,143.3654695
江苏南京2014,江苏南京,2014,150.0236406
江苏南京2015,江苏南京,2015,164.8674767
江苏南京2016,江苏南京,2016,170.0213499
江苏南京2017,江苏南京,2017,178.4163272
江苏南京2018,江苏南京,2018,164.9052799
江苏南京2019,江苏南京,2019,170.3911893
江苏南通2000,江苏南通,2000,14.60731207
江苏南通2001,江苏南通,2001,16.41072403
江苏南通2002,江苏南通,2002,17.51995906
江苏南通2003,江苏南通,2003,18.50647385
江苏南通2005,江苏南通,2005,26.36701691
江苏南通2006,江苏南通,2006,28.70077769
江苏南通2007,江苏南通,2007,29.90053595
江苏南通2008,江苏南通,2008,31.04704463
江苏南通2009,江苏南通,2009,31.25996637
江苏南通2011,江苏南通,2011,47.01564138
江苏南通2012,江苏南通,2012,47.1732091
江苏南通2013,江苏南通,2013,47.87398731
江苏南通2014,江苏南通,2014,53.07533493
江苏南通2015,江苏南通,2015,52.24371926
江苏南通2016,江苏南通,2016,53.45860773
江苏南通2017,江苏南通,2017,51.5473005
江苏南通2018,江苏南通,2018,45.35733755
江苏南通2019,江苏南通,2019,41.33676147
江苏宿迁2008,江苏宿迁,2008,5.616105556
江苏宿迁2009,江苏宿迁,2009,4.975445158
江苏宿迁2011,江苏宿迁,2011,7.430819079
江苏宿迁2012,江苏宿迁,2012,7.376727668
江苏宿迁2013,江苏宿迁,2013,9.746436878
江苏宿迁2014,江苏宿迁,2014,10.96844183
江苏宿迁2015,江苏宿迁,2015,11.39781994
江苏宿迁2016,江苏宿迁,2016,11.51825233
江苏宿迁2017,江苏宿迁,2017,10.22490629
江苏宿迁2018,江苏宿迁,2018,8.532763211
江苏宿迁2019,江苏宿迁,2019,11.63078492
江苏常州2000,江苏常州,2000,17.3686198
江苏常州2001,江苏常州,2001,18.12411603
江苏常州2002,江苏常州,2002,21.1551837
江苏常州2003,江苏常州,2003,26.47361583
江苏常州2004,江苏常州,2004,30.03974176
江苏常州2005,江苏常州,2005,37.51295898
江苏常州2006,江苏常州,2006,38.33687454
江苏常州2007,江苏常州,2007,43.32493914
江苏常州2008,江苏常州,2008,43.56643313
江苏常州2009,江苏常州,2009,46.38024059
江苏常州2010,江苏常州,2010,47.04046305
江苏常州2011,江苏常州,2011,50.02469945
江苏常州2012,江苏常州,2012,53.45287458
江苏常州2013,江苏常州,2013,57.04488298
江苏常州2014,江苏常州,2014,56.90835699
江苏常州2015,江苏常州,2015,55.68164514
江苏常州2016,江苏常州,2016,57.01289513
江苏常州2017,江苏常州,2017,60.43261521
江苏常州2018,江苏常州,2018,59.52550209
江苏常州2019,江苏常州,2019,61.53874741
江苏徐州2000,江苏徐州,2000,27.32396677
江苏徐州2001,江苏徐州,2001,26.46220831
江苏徐州2002,江苏徐州,2002,30.94810715
江苏徐州2003,江苏徐州,2003,35.96010316
江苏徐州2004,江苏徐州,2004,46.37699963
江苏徐州2005,江苏徐州,2005,56.20007412
江苏徐州2006,江苏徐州,2006,57.35538613
江苏徐州2007,江苏徐州,2007,63.26992489
江苏徐州2008,江苏徐州,2008,68.97054477
江苏徐州2009,江苏徐州,2009,68.4803339
江苏徐州2011,江苏徐州,2011,101.4291303
江苏徐州2012,江苏徐州,2012,100.0737548
江苏徐州2013,江苏徐州,2013,124.9697252
江苏徐州2014,江苏徐州,2014,111.4837182
江苏徐州2015,江苏徐州,2015,141.7566753
江苏徐州2016,江苏徐州,2016,103.1205748
江苏徐州2017,江苏徐州,2017,128.8126901
江苏扬州2002,江苏扬州,2002,13.80294305
江苏扬州2003,江苏扬州,2003,15.36496876
江苏扬州2004,江苏扬州,2004,17.68588205
江苏扬州2005,江苏扬州,2005,20.21357665
江苏扬州2006,江苏扬州,2006,21.93651161
江苏扬州2007,江苏扬州,2007,28.07950766
江苏扬州2008,江苏扬州,2008,28.70109102
江苏扬州2009,江苏扬州,2009,32.29242166
江苏扬州2010,江苏扬州,2010,33.43445056
江苏扬州2011,江苏扬州,2011,33.61559561
江苏扬州2012,江苏扬州,2012,32.18342453
江苏扬州2013,江苏扬州,2013,35.24870092
江苏扬州2014,江苏扬州,2014,34.66748616
江苏扬州2015,江苏扬州,2015,32.40170704
江苏扬州2016,江苏扬州,2016,33.99683312
江苏扬州2017,江苏扬州,2017,34.71593881
江苏扬州2018,江苏扬州,2018,35.34416603
江苏扬州2019,江苏扬州,2019,35.48044194
江苏无锡2000,江苏无锡,2000,23.47390822
江苏无锡2001,江苏无锡,2001,25.24254579
江苏无锡2002,江苏无锡,2002,31.6026609
江苏无锡2003,江苏无锡,2003,33.98116384
江苏无锡2004,江苏无锡,2004,44.11223835
江苏无锡2005,江苏无锡,2005,50.80311431
江苏无锡2006,江苏无锡,2006,55.40247495
江苏无锡2007,江苏无锡,2007,63.34312454
江苏无锡2008,江苏无锡,2008,64.25547338
江苏无锡2009,江苏无锡,2009,72.35951919
江苏无锡2010,江苏无锡,2010,78.4658082
江苏无锡2011,江苏无锡,2011,85.30531125
江苏无锡2012,江苏无锡,2012,88.60554588
江苏无锡2013,江苏无锡,2013,90.76536625
江苏无锡2014,江苏无锡,2014,87.09258426
江苏无锡2015,江苏无锡,2015,86.77507483
江苏无锡2016,江苏无锡,2016,79.54751061
江苏无锡2017,江苏无锡,2017,86.99124468
江苏无锡2018,江苏无锡,2018,90.24309137
江苏无锡2019,江苏无锡,2019,91.22845982
江苏泰州2000,江苏泰州,2000,6.348787698
江苏泰州2001,江苏泰州,2001,6.817628044
江苏泰州2002,江苏泰州,2002,8.857360408
江苏泰州2003,江苏泰州,2003,7.99607918
江苏泰州2005,江苏泰州,2005,11.37140702
江苏泰州2006,江苏泰州,2006,14.71783909
江苏泰州2007,江苏泰州,2007,16.77090126
江苏泰州2008,江苏泰州,2008,22.58159819
江苏泰州2009,江苏泰州,2009,24.58385583
江苏泰州2010,江苏泰州,2010,26.41727642
江苏泰州2011,江苏泰州,2011,27.42851046
江苏泰州2012,江苏泰州,2012,29.30360873
江苏泰州2013,江苏泰州,2013,32.05013596
江苏泰州2014,江苏泰州,2014,31.68350653
江苏泰州2015,江苏泰州,2015,33.02250942
江苏泰州2016,江苏泰州,2016,38.01240187
江苏泰州2017,江苏泰州,2017,42.41100425
江苏泰州2019,江苏泰州,2019,40.11705845
江苏淮安2005,江苏淮安,2005,34.71786622
江苏淮安2007,江苏淮安,2007,24.13019073
江苏淮安2008,江苏淮安,2008,25.47035868
江苏淮安2009,江苏淮安,2009,25.02834373
江苏淮安2010,江苏淮安,2010,29.17420841
江苏淮安2011,江苏淮安,2011,29.83888369
江苏淮安2012,江苏淮安,2012,32.60777972
江苏淮安2013,江苏淮安,2013,34.0926394
江苏淮安2014,江苏淮安,2014,33.71907321
江苏淮安2015,江苏淮安,2015,33.35187562
江苏淮安2016,江苏淮安,2016,30.80294375
江苏淮安2017,江苏淮安,2017,39.43707557
江苏盐城2005,江苏盐城,2005,16.29453091
江苏盐城2006,江苏盐城,2006,17.33134626
江苏盐城2007,江苏盐城,2007,19.51909239
江苏盐城2008,江苏盐城,2008,20.51400849
江苏盐城2009,江苏盐城,2009,21.5839726
江苏盐城2011,江苏盐城,2011,21.31362861
江苏盐城2012,江苏盐城,2012,24.31999937
江苏盐城2013,江苏盐城,2013,34.377002
江苏盐城2014,江苏盐城,2014,35.06562217
江苏盐城2015,江苏盐城,2015,35.03835894
江苏盐城2016,江苏盐城,2016,33.40636875
江苏盐城2017,江苏盐城,2017,31.56500394
江苏盐城2018,江苏盐城,2018,46.5327376
江苏盐城2019,江苏盐城,2019,44.9949424
江苏苏州2000,江苏苏州,2000,40.37727484
江苏苏州2001,江苏苏州,2001,46.21057368
江苏苏州2002,江苏苏州,2002,39.93747162
江苏苏州2003,江苏苏州,2003,58.14327297
江苏苏州2004,江苏苏州,2004,73.23077387
江苏苏州2005,江苏苏州,2005,103.3952314
江苏苏州2006,江苏苏州,2006,127.5534787
江苏苏州2007,江苏苏州,2007,147.6987059
江苏苏州2008,江苏苏州,2008,150.0630932
江苏苏州2009,江苏苏州,2009,167.4025741
江苏苏州2010,江苏苏州,2010,184.6147199
江苏苏州2011,江苏苏州,2011,202.1052559
江苏苏州2012,江苏苏州,2012,207.7901654
江苏苏州2013,江苏苏州,2013,218.3795374
江苏苏州2014,江苏苏州,2014,221.4877537
江苏苏州2015,江苏苏州,2015,236.4869553
江苏苏州2016,江苏苏州,2016,211.961167
江苏苏州2017,江苏苏州,2017,206.9038027
江苏苏州2018,江苏苏州,2018,213.4140269
江苏苏州2019,江苏苏州,2019,231.1935764
江苏连云港2000,江苏连云港,2000,5.301014253
江苏连云港2001,江苏连云港,2001,5.752398109
江苏连云港2002,江苏连云港,2002,5.764703353
江苏连云港2003,江苏连云港,2003,6.39033435
江苏连云港2004,江苏连云港,2004,7.123207903
江苏连云港2005,江苏连云港,2005,9.488075821
江苏连云港2006,江苏连云港,2006,11.21389457
江苏连云港2007,江苏连云港,2007,11.06676933
江苏连云港2008,江苏连云港,2008,11.68996633
江苏连云港2009,江苏连云港,2009,14.74024198
江苏连云港2011,江苏连云港,2011,17.93550471
江苏连云港2012,江苏连云港,2012,21.23226385
江苏连云港2013,江苏连云港,2013,22.6765864
江苏连云港2014,江苏连云港,2014,24.79909313
江苏连云港2015,江苏连云港,2015,25.93045535
江苏连云港2016,江苏连云港,2016,30.03163285
江苏连云港2017,江苏连云港,2017,29.4418153
江苏连云港2018,江苏连云港,2018,29.27073865
江苏连云港2019,江苏连云港,2019,30.40464213
江苏镇江2002,江苏镇江,2002,20.54400095
江苏镇江2003,江苏镇江,2003,23.48825763
江苏镇江2004,江苏镇江,2004,25.97255853
江苏镇江2005,江苏镇江,2005,28.24205675
江苏镇江2006,江苏镇江,2006,30.13131559
江苏镇江2007,江苏镇江,2007,29.08912412
江苏镇江2008,江苏镇江,2008,28.96095692
江苏镇江2009,江苏镇江,2009,30.15558325
江苏镇江2011,江苏镇江,2011,38.57819353
江苏镇江2012,江苏镇江,2012,41.79988876
江苏镇江2013,江苏镇江,2013,43.18478087
江苏镇江2014,江苏镇江,2014,48.93856304
江苏镇江2016,江苏镇江,2016,48.36981538
江苏镇江2017,江苏镇江,2017,52.79494127
江苏镇江2018,江苏镇江,2018,41.93499178
江苏镇江2019,江苏镇江,2019,53.28564361
江苏镇江2015,江苏镇江,2015,44.95828713
江苏南通2010,江苏南通,2010,40.09474682
江苏宿迁2010,江苏宿迁,2010,6.106822005
江苏徐州2010,江苏徐州,2010,85.81034386
江苏盐城2010,江苏盐城,2010,20.64585332
江苏连云港2010,江苏连云港,2010,18.39281628
江苏镇江2010,江苏镇江,2010,32.33147013
浙江丽水2000,浙江丽水,2000,2.742602368
浙江丽水2001,浙江丽水,2001,2.265178952
浙江丽水2002,浙江丽水,2002,3.031927307
浙江丽水2003,浙江丽水,2003,3.215744309
浙江丽水2004,浙江丽水,2004,3.593964842
浙江丽水2005,浙江丽水,2005,4.611470517
浙江丽水2006,浙江丽水,2006,5.81635011
浙江丽水2007,浙江丽水,2007,6.571915757
浙江丽水2008,浙江丽水,2008,6.755438765
浙江丽水2009,浙江丽水,2009,7.178705278
浙江丽水2010,浙江丽水,2010,8.234001063
浙江丽水2011,浙江丽水,2011,7.118739545
浙江丽水2012,浙江丽水,2012,8.25118107
浙江丽水2013,浙江丽水,2013,8.503281015
浙江丽水2014,浙江丽水,2014,7.703324891
浙江丽水2015,浙江丽水,2015,7.749064744
浙江丽水2016,浙江丽水,2016,8.335138653
浙江丽水2017,浙江丽水,2017,7.272912562
浙江丽水2018,浙江丽水,2018,8.061302678
浙江丽水2019,浙江丽水,2019,7.458870228
浙江台州2000,浙江台州,2000,10.88948808
浙江台州2001,浙江台州,2001,11.30152574
浙江台州2002,浙江台州,2002,11.36697961
浙江台州2003,浙江台州,2003,12.80188229
浙江台州2004,浙江台州,2004,14.9929401
浙江台州2005,浙江台州,2005,21.25669548
浙江台州2006,浙江台州,2006,20.52172341
浙江台州2007,浙江台州,2007,31.43783375
浙江台州2008,浙江台州,2008,41.29640497
浙江台州2009,浙江台州,2009,40.9692301
浙江台州2010,浙江台州,2010,52.06406546
浙江台州2011,浙江台州,2011,56.20461644
浙江台州2012,浙江台州,2012,55.69683416
浙江台州2013,浙江台州,2013,47.76729616
浙江台州2014,浙江台州,2014,41.30419658
浙江台州2015,浙江台州,2015,39.34486848
浙江台州2016,浙江台州,2016,47.90074883
浙江台州2017,浙江台州,2017,39.19361193
浙江台州2018,浙江台州,2018,39.82281738
浙江台州2019,浙江台州,2019,38.31536295
浙江嘉兴2000,浙江嘉兴,2000,13.53146106
浙江嘉兴2001,浙江嘉兴,2001,14.0701232
浙江嘉兴2002,浙江嘉兴,2002,16.53784338
浙江嘉兴2003,浙江嘉兴,2003,19.56709109
浙江嘉兴2005,浙江嘉兴,2005,33.65432134
浙江嘉兴2006,浙江嘉兴,2006,39.6557864
浙江嘉兴2007,浙江嘉兴,2007,39.30703982
浙江嘉兴2008,浙江嘉兴,2008,37.98645859
浙江嘉兴2009,浙江嘉兴,2009,38.27663305
浙江嘉兴2011,浙江嘉兴,2011,42.8842595
浙江嘉兴2012,浙江嘉兴,2012,47.67500925
浙江嘉兴2013,浙江嘉兴,2013,47.07383801
浙江嘉兴2014,浙江嘉兴,2014,43.79707666
浙江嘉兴2015,浙江嘉兴,2015,41.76211867
浙江嘉兴2016,浙江嘉兴,2016,43.14690208
浙江嘉兴2017,浙江嘉兴,2017,46.52234274
浙江嘉兴2018,浙江嘉兴,2018,51.28570779
浙江嘉兴2019,浙江嘉兴,2019,53.09229263
浙江宁波1997,浙江宁波,1997,21.12318164
浙江宁波1998,浙江宁波,1998,26.66336356
浙江宁波1999,浙江宁波,1999,27.88550455
浙江宁波2000,浙江宁波,2000,32.14724002
浙江宁波2001,浙江宁波,2001,38.80072958
浙江宁波2002,浙江宁波,2002,39.81168496
浙江宁波2003,浙江宁波,2003,44.99273505
浙江宁波2004,浙江宁波,2004,50.80020589
浙江宁波2005,浙江宁波,2005,54.15381598
浙江宁波2006,浙江宁波,2006,68.56239663
浙江宁波2007,浙江宁波,2007,82.85185679
浙江宁波2008,浙江宁波,2008,87.35641647
浙江宁波2009,浙江宁波,2009,91.59058428
浙江宁波2011,浙江宁波,2011,115.1920702
浙江宁波2012,浙江宁波,2012,120.1591561
浙江宁波2013,浙江宁波,2013,112.7254095
浙江宁波2014,浙江宁波,2014,106.7476285
浙江宁波2015,浙江宁波,2015,111.8159871
浙江宁波2016,浙江宁波,2016,113.1379901
浙江宁波2017,浙江宁波,2017,117.9173539
浙江宁波2018,浙江宁波,2018,130.0524194
浙江宁波2019,浙江宁波,2019,127.631334
浙江杭州2000,浙江杭州,2000,25.10532771
浙江杭州2001,浙江杭州,2001,27.37664759
浙江杭州2002,浙江杭州,2002,30.11282913
浙江杭州2003,浙江杭州,2003,33.17955785
浙江杭州2004,浙江杭州,2004,37.26020323
浙江杭州2005,浙江杭州,2005,41.82969483
浙江杭州2006,浙江杭州,2006,46.94483846
浙江杭州2007,浙江杭州,2007,49.30775617
浙江杭州2008,浙江杭州,2008,53.34413207
浙江杭州2009,浙江杭州,2009,52.21829722
浙江杭州2011,浙江杭州,2011,56.06490101
浙江杭州2012,浙江杭州,2012,52.91932192
浙江杭州2013,浙江杭州,2013,49.46891021
浙江杭州2014,浙江杭州,2014,58.03596763
浙江杭州2015,浙江杭州,2015,55.2347281
浙江杭州2016,浙江杭州,2016,41.03452714
浙江杭州2017,浙江杭州,2017,42.05479989
浙江杭州2018,浙江杭州,2018,41.61822152
浙江杭州2019,浙江杭州,2019,44.6229524
浙江温州2000,浙江温州,2000,11.44451905
浙江温州2001,浙江温州,2001,12.12484041
浙江温州2002,浙江温州,2002,12.70503815
浙江温州2003,浙江温州,2003,14.39465547
浙江温州2004,浙江温州,2004,18.59092696
浙江温州2005,浙江温州,2005,23.35185901
浙江温州2006,浙江温州,2006,22.98715211
浙江温州2007,浙江温州,2007,23.03322694
浙江温州2008,浙江温州,2008,23.7460451
浙江温州2009,浙江温州,2009,26.68871881
浙江温州2011,浙江温州,2011,38.09753371
浙江温州2012,浙江温州,2012,34.76119641
浙江温州2013,浙江温州,2013,35.60072145
浙江温州2014,浙江温州,2014,40.00803994
浙江温州2015,浙江温州,2015,41.90800082
浙江温州2016,浙江温州,2016,44.89866373
浙江温州2017,浙江温州,2017,57.30141153
浙江温州2018,浙江温州,2018,47.66475556
浙江温州2019,浙江温州,2019,31.30158412
浙江湖州2001,浙江湖州,2001,13.59037307
浙江湖州2002,浙江湖州,2002,15.53177285
浙江湖州2003,浙江湖州,2003,19.24094771
浙江湖州2004,浙江湖州,2004,19.973544
浙江湖州2005,浙江湖州,2005,23.2067251
浙江湖州2006,浙江湖州,2006,25.00402317
浙江湖州2007,浙江湖州,2007,27.03879273
浙江湖州2008,浙江湖州,2008,23.04605068
浙江湖州2009,浙江湖州,2009,22.68715386
浙江湖州2011,浙江湖州,2011,21.81112158
浙江湖州2012,浙江湖州,2012,20.31562134
浙江湖州2013,浙江湖州,2013,21.15176734
浙江湖州2014,浙江湖州,2014,21.0692438
浙江湖州2015,浙江湖州,2015,22.28633679
浙江湖州2016,浙江湖州,2016,22.52553234
浙江湖州2017,浙江湖州,2017,26.35118018
浙江湖州2018,浙江湖州,2018,21.8697367
浙江湖州2019,浙江湖州,2019,20.94463445
浙江绍兴2000,浙江绍兴,2000,13.49258923
浙江绍兴2001,浙江绍兴,2001,14.46516512
浙江绍兴2002,浙江绍兴,2002,26.32337621
浙江绍兴2003,浙江绍兴,2003,28.88981588
浙江绍兴2004,浙江绍兴,2004,34.73866187
浙江绍兴2005,浙江绍兴,2005,36.42823572
浙江绍兴2006,浙江绍兴,2006,40.20213587
浙江绍兴2007,浙江绍兴,2007,39.2701868
浙江绍兴2008,浙江绍兴,2008,35.03037253
浙江绍兴2009,浙江绍兴,2009,34.44650472
浙江绍兴2011,浙江绍兴,2011,36.80918954
浙江绍兴2012,浙江绍兴,2012,34.28152331
浙江绍兴2013,浙江绍兴,2013,37.88409613
浙江绍兴2014,浙江绍兴,2014,36.24219239
浙江绍兴2015,浙江绍兴,2015,34.29255737
浙江绍兴2016,浙江绍兴,2016,33.68750361
浙江绍兴2017,浙江绍兴,2017,32.19763942
浙江绍兴2018,浙江绍兴,2018,37.07533198
浙江绍兴2019,浙江绍兴,2019,38.47189123
浙江舟山2000,浙江舟山,2000,3.237675987
浙江舟山2001,浙江舟山,2001,3.426390063
浙江舟山2002,浙江舟山,2002,3.359972207
浙江舟山2003,浙江舟山,2003,3.721863606
浙江舟山2004,浙江舟山,2004,6.180471944
浙江舟山2005,浙江舟山,2005,4.931835099
浙江舟山2006,浙江舟山,2006,5.221813591
浙江舟山2007,浙江舟山,2007,5.2624213
浙江舟山2008,浙江舟山,2008,5.368776189
浙江舟山2009,浙江舟山,2009,5.648848724
浙江舟山2011,浙江舟山,2011,17.20618318
浙江舟山2012,浙江舟山,2012,16.0064821
浙江舟山2013,浙江舟山,2013,15.68292709
浙江舟山2014,浙江舟山,2014,21.09203516
浙江舟山2015,浙江舟山,2015,25.0699969
浙江舟山2016,浙江舟山,2016,26.47966677
浙江舟山2017,浙江舟山,2017,23.94945519
浙江舟山2018,浙江舟山,2018,23.06082532
浙江舟山2019,浙江舟山,2019,28.45571219
浙江衢州2003,浙江衢州,2003,9.868790752
浙江衢州2004,浙江衢州,2004,12.18480841
浙江衢州2005,浙江衢州,2005,15.49529836
浙江衢州2006,浙江衢州,2006,19.28125081
浙江衢州2007,浙江衢州,2007,22.64113205
浙江衢州2008,浙江衢州,2008,21.22213742
浙江衢州2009,浙江衢州,2009,24.21632855
浙江衢州2010,浙江衢州,2010,24.75912131
浙江衢州2011,浙江衢州,2011,24.95188753
浙江衢州2012,浙江衢州,2012,25.02933483
浙江衢州2013,浙江衢州,2013,29.2086977
浙江衢州2014,浙江衢州,2014,29.97604833
浙江衢州2015,浙江衢州,2015,29.35712812
浙江衢州2016,浙江衢州,2016,28.54038812
浙江衢州2017,浙江衢州,2017,32.14186572
浙江衢州2018,浙江衢州,2018,29.43728728
浙江衢州2019,浙江衢州,2019,27.99576312
浙江金华2000,浙江金华,2000,8.561160015
浙江金华2001,浙江金华,2001,8.924171438
浙江金华2002,浙江金华,2002,10.29259311
浙江金华2003,浙江金华,2003,13.75438937
浙江金华2004,浙江金华,2004,13.30635871
浙江金华2005,浙江金华,2005,14.84924913
浙江金华2006,浙江金华,2006,20.42775767
浙江金华2007,浙江金华,2007,27.96569807
浙江金华2008,浙江金华,2008,27.10227212
浙江金华2009,浙江金华,2009,25.35057359
浙江金华2011,浙江金华,2011,28.01839456
浙江金华2012,浙江金华,2012,26.92112072
浙江金华2013,浙江金华,2013,27.72130631
浙江金华2014,浙江金华,2014,26.03219929
浙江金华2015,浙江金华,2015,26.34370089
浙江金华2016,浙江金华,2016,24.13663473
浙江金华2017,浙江金华,2017,25.57105799
浙江嘉兴2010,浙江嘉兴,2010,38.51449193
浙江宁波2010,浙江宁波,2010,98.74794857
浙江杭州2010,浙江杭州,2010,48.82999427
浙江温州2010,浙江温州,2010,30.73687031
浙江湖州2010,浙江湖州,2010,21.56548366
浙江绍兴2010,浙江绍兴,2010,35.55478124
浙江舟山2010,浙江舟山,2010,8.905171509
浙江金华2010,浙江金华,2010,26.31609687
安徽亳州2006,安徽亳州,2006,1.987642153
安徽亳州2007,安徽亳州,2007,3.536884835
安徽亳州2008,安徽亳州,2008,2.976942762
安徽亳州2009,安徽亳州,2009,3.594605469
安徽亳州2010,安徽亳州,2010,3.742721057
安徽亳州2011,安徽亳州,2011,5.624292771
安徽亳州2012,安徽亳州,2012,5.865598944
安徽亳州2013,安徽亳州,2013,4.953051943
安徽亳州2014,安徽亳州,2014,4.983185332
安徽亳州2015,安徽亳州,2015,7.489555977
安徽亳州2016,安徽亳州,2016,7.003746771
安徽亳州2017,安徽亳州,2017,11.37772515
安徽亳州2018,安徽亳州,2018,11.81930242
安徽亳州2019,安徽亳州,2019,12.43386549
安徽六安2005,安徽六安,2005,3.22665245
安徽六安2006,安徽六安,2006,3.841654737
安徽六安2007,安徽六安,2007,4.737296129
安徽六安2008,安徽六安,2008,4.46864229
安徽六安2009,安徽六安,2009,4.173817795
安徽六安2010,安徽六安,2010,4.254417977
安徽六安2011,安徽六安,2011,4.553409946
安徽六安2012,安徽六安,2012,5.007487994
安徽六安2013,安徽六安,2013,6.02850689
安徽六安2014,安徽六安,2014,7.973186906
安徽六安2015,安徽六安,2015,9.90086681
安徽六安2016,安徽六安,2016,9.187242022
安徽六安2018,安徽六安,2018,8.096597632
安徽六安2019,安徽六安,2019,11.14481456
安徽合肥2000,安徽合肥,2000,5.500594855
安徽合肥2001,安徽合肥,2001,8.350072091
安徽合肥2003,安徽合肥,2003,11.32341974
安徽合肥2004,安徽合肥,2004,13.79421551
安徽合肥2005,安徽合肥,2005,11.74170461
安徽合肥2006,安徽合肥,2006,12.80390253
安徽合肥2007,安徽合肥,2007,19.04908855
安徽合肥2008,安徽合肥,2008,15.13681293
安徽合肥2009,安徽合肥,2009,18.45701514
安徽合肥2011,安徽合肥,2011,36.8983865
安徽合肥2012,安徽合肥,2012,37.3830937
安徽合肥2013,安徽合肥,2013,42.57972768
安徽合肥2014,安徽合肥,2014,43.25158861
安徽合肥2015,安徽合肥,2015,41.40325026
安徽合肥2016,安徽合肥,2016,37.03977189
安徽合肥2017,安徽合肥,2017,36.68853845
安徽合肥2018,安徽合肥,2018,36.22142529
安徽合肥2019,安徽合肥,2019,39.79164916
安徽安庆2000,安徽安庆,2000,4.964461156
安徽安庆2001,安徽安庆,2001,4.848285627
安徽安庆2002,安徽安庆,2002,6.270876475
安徽安庆2003,安徽安庆,2003,7.700936052
安徽安庆2004,安徽安庆,2004,9.42353917
安徽安庆2005,安徽安庆,2005,11.75636607
安徽安庆2006,安徽安庆,2006,12.50636515
安徽安庆2007,安徽安庆,2007,14.41591801
安徽安庆2008,安徽安庆,2008,15.97483043
安徽安庆2009,安徽安庆,2009,16.00361279
安徽安庆2010,安徽安庆,2010,17.26491207
安徽安庆2011,安徽安庆,2011,20.47543179
安徽安庆2012,安徽安庆,2012,21.56914162
安徽安庆2013,安徽安庆,2013,20.39128506
安徽安庆2014,安徽安庆,2014,22.12271223
安徽安庆2015,安徽安庆,2015,22.57917031
安徽安庆2016,安徽安庆,2016,28.7068552
安徽安庆2017,安徽安庆,2017,33.70059056
安徽安庆2018,安徽安庆,2018,30.85658395
安徽安庆2019,安徽安庆,2019,30.42722139
安徽宣城2004,安徽宣城,2004,7.058930564
安徽宣城2006,安徽宣城,2006,6.506352198
安徽宣城2008,安徽宣城,2008,9.40257857
安徽宣城2009,安徽宣城,2009,11.81616347
安徽宣城2010,安徽宣城,2010,12.85288789
安徽宣城2011,安徽宣城,2011,12.60365222
安徽宣城2012,安徽宣城,2012,11.72117949
安徽宣城2013,安徽宣城,2013,13.07523481
安徽宣城2014,安徽宣城,2014,12.14457638
安徽宣城2015,安徽宣城,2015,13.0900106
安徽宣城2016,安徽宣城,2016,13.1347239
安徽宣城2017,安徽宣城,2017,13.94461709
安徽宣城2018,安徽宣城,2018,19.07955986
安徽宣城2019,安徽宣城,2019,18.58876433
安徽宿州2007,安徽宿州,2007,13.80245055
安徽宿州2008,安徽宿州,2008,17.06356218
安徽宿州2009,安徽宿州,2009,16.17641905
安徽宿州2010,安徽宿州,2010,21.06576393
安徽宿州2011,安徽宿州,2011,23.12374652
安徽宿州2012,安徽宿州,2012,27.96321231
安徽宿州2013,安徽宿州,2013,31.09229051
安徽宿州2014,安徽宿州,2014,36.00913955
安徽宿州2015,安徽宿州,2015,33.01945575
安徽宿州2016,安徽宿州,2016,27.06707155
安徽宿州2017,安徽宿州,2017,27.36421695
安徽宿州2018,安徽宿州,2018,29.05972202
安徽宿州2019,安徽宿州,2019,24.51815901
安徽巢湖2006,安徽巢湖,2006,8.025943609
安徽巢湖2007,安徽巢湖,2007,9.046303335
安徽巢湖2008,安徽巢湖,2008,9.663159674
安徽巢湖2009,安徽巢湖,2009,14.51477859
安徽巢湖2010,安徽巢湖,2010,16.74033698
安徽池州2006,安徽池州,2006,5.601502368
安徽池州2007,安徽池州,2007,6.434907163
安徽池州2008,安徽池州,2008,7.565435562
安徽池州2009,安徽池州,2009,6.872756162
安徽池州2010,安徽池州,2010,7.278977668
安徽池州2011,安徽池州,2011,8.039395157
安徽池州2012,安徽池州,2012,9.212462054
安徽池州2013,安徽池州,2013,11.14681836
安徽池州2014,安徽池州,2014,11.67670611
安徽池州2015,安徽池州,2015,11.67173532
安徽池州2016,安徽池州,2016,12.48338092
安徽池州2018,安徽池州,2018,15.12654816
安徽池州2019,安徽池州,2019,15.17023474
安徽淮北2001,安徽淮北,2001,15.43407843
安徽淮北2003,安徽淮北,2003,17.53708299
安徽淮北2005,安徽淮北,2005,22.3627313
安徽淮北2006,安徽淮北,2006,25.97262563
安徽淮北2007,安徽淮北,2007,27.77569228
安徽淮北2008,安徽淮北,2008,31.70077491
安徽淮北2009,安徽淮北,2009,46.94742479
安徽淮北2011,安徽淮北,2011,66.0241648
安徽淮北2012,安徽淮北,2012,71.62660549
安徽淮北2013,安徽淮北,2013,71.94702345
安徽淮北2014,安徽淮北,2014,70.02723752
安徽淮北2015,安徽淮北,2015,76.24924247
安徽淮北2016,安徽淮北,2016,72.16115182
安徽淮北2017,安徽淮北,2017,75.70159918
安徽淮北2018,安徽淮北,2018,63.49071196
安徽淮北2019,安徽淮北,2019,60.64498188
安徽淮南2006,安徽淮南,2006,22.8181866
安徽淮南2008,安徽淮南,2008,38.77472095
安徽淮南2009,安徽淮南,2009,38.77602572
安徽淮南2011,安徽淮南,2011,44.50228734
安徽淮南2012,安徽淮南,2012,45.57085832
安徽淮南2013,安徽淮南,2013,44.77499677
安徽淮南2014,安徽淮南,2014,58.38177253
安徽淮南2015,安徽淮南,2015,54.52639724
安徽淮南2016,安徽淮南,2016,65.52169708
安徽淮南2017,安徽淮南,2017,67.35059695
安徽滁州2001,安徽滁州,2001,3.925137079
安徽滁州2002,安徽滁州,2002,3.582029451
安徽滁州2003,安徽滁州,2003,4.911250568
安徽滁州2004,安徽滁州,2004,7.841723972
安徽滁州2005,安徽滁州,2005,6.098357593
安徽滁州2006,安徽滁州,2006,6.724515503
安徽滁州2007,安徽滁州,2007,7.55547374
安徽滁州2008,安徽滁州,2008,7.398690705
安徽滁州2009,安徽滁州,2009,6.385167135
安徽滁州2010,安徽滁州,2010,6.922653602
安徽滁州2011,安徽滁州,2011,7.214371737
安徽滁州2012,安徽滁州,2012,9.670152463
安徽滁州2013,安徽滁州,2013,10.48419641
安徽滁州2014,安徽滁州,2014,11.1536926
安徽滁州2015,安徽滁州,2015,12.22866309
安徽滁州2016,安徽滁州,2016,15.13769016
安徽滁州2017,安徽滁州,2017,13.90249869
安徽滁州2018,安徽滁州,2018,11.90200297
安徽滁州2019,安徽滁州,2019,14.11051094
安徽芜湖2006,安徽芜湖,2006,14.64364837
安徽芜湖2007,安徽芜湖,2007,16.80977449
安徽芜湖2008,安徽芜湖,2008,20.38999905
安徽芜湖2009,安徽芜湖,2009,24.90944249
安徽芜湖2011,安徽芜湖,2011,30.56239322
安徽芜湖2012,安徽芜湖,2012,35.51748312
安徽芜湖2013,安徽芜湖,2013,34.7356551
安徽芜湖2014,安徽芜湖,2014,33.75161415
安徽芜湖2015,安徽芜湖,2015,32.08465471
安徽芜湖2016,安徽芜湖,2016,36.09947231
安徽芜湖2017,安徽芜湖,2017,35.36139905
安徽芜湖2018,安徽芜湖,2018,33.31563127
安徽芜湖2019,安徽芜湖,2019,37.27410957
安徽蚌埠2005,安徽蚌埠,2005,3.852501443
安徽蚌埠2007,安徽蚌埠,2007,6.214778017
安徽蚌埠2008,安徽蚌埠,2008,6.806053943
安徽蚌埠2009,安徽蚌埠,2009,11.89710134
安徽蚌埠2011,安徽蚌埠,2011,13.48686188
安徽蚌埠2012,安徽蚌埠,2012,12.66341127
安徽蚌埠2013,安徽蚌埠,2013,13.18377141
安徽蚌埠2014,安徽蚌埠,2014,13.48609248
安徽蚌埠2015,安徽蚌埠,2015,13.93888229
安徽蚌埠2016,安徽蚌埠,2016,12.12716313
安徽蚌埠2017,安徽蚌埠,2017,12.32866095
安徽蚌埠2018,安徽蚌埠,2018,15.09560235
安徽蚌埠2019,安徽蚌埠,2019,17.4500456
安徽铜陵2006,安徽铜陵,2006,11.0949899
安徽铜陵2007,安徽铜陵,2007,11.29033045
安徽铜陵2008,安徽铜陵,2008,12.2813597
安徽铜陵2009,安徽铜陵,2009,15.20428303
安徽铜陵2010,安徽铜陵,2010,17.70553411
安徽铜陵2011,安徽铜陵,2011,21.84363167
安徽铜陵2012,安徽铜陵,2012,23.45310495
安徽铜陵2013,安徽铜陵,2013,24.52510335
安徽铜陵2014,安徽铜陵,2014,24.37212873
安徽铜陵2015,安徽铜陵,2015,27.87555273
安徽铜陵2016,安徽铜陵,2016,30.85935163
安徽铜陵2017,安徽铜陵,2017,33.46550876
安徽铜陵2018,安徽铜陵,2018,11.47829928
安徽铜陵2019,安徽铜陵,2019,15.47041435
安徽阜阳2006,安徽阜阳,2006,11.79147483
安徽阜阳2007,安徽阜阳,2007,15.38947182
安徽阜阳2008,安徽阜阳,2008,18.29442485
安徽阜阳2009,安徽阜阳,2009,17.24096772
安徽阜阳2010,安徽阜阳,2010,16.96871701
安徽阜阳2012,安徽阜阳,2012,15.2461372
安徽阜阳2013,安徽阜阳,2013,19.91612186
安徽阜阳2014,安徽阜阳,2014,17.42369289
安徽阜阳2015,安徽阜阳,2015,16.5635373
安徽阜阳2016,安徽阜阳,2016,18.90175494
安徽阜阳2017,安徽阜阳,2017,23.03447233
安徽阜阳2018,安徽阜阳,2018,21.88705858
安徽阜阳2019,安徽阜阳,2019,23.06631501
安徽马鞍山2007,安徽马鞍山,2007,56.45890469
安徽马鞍山2008,安徽马鞍山,2008,73.9160596
安徽马鞍山2009,安徽马鞍山,2009,75.49821703
安徽马鞍山2011,安徽马鞍山,2011,74.09499616
安徽马鞍山2012,安徽马鞍山,2012,82.6425947
安徽马鞍山2013,安徽马鞍山,2013,95.99920799
安徽马鞍山2014,安徽马鞍山,2014,95.4435622
安徽马鞍山2015,安徽马鞍山,2015,85.48569564
安徽马鞍山2016,安徽马鞍山,2016,88.70336329
安徽马鞍山2017,安徽马鞍山,2017,92.80791871
安徽马鞍山2018,安徽马鞍山,2018,97.48155863
安徽马鞍山2019,安徽马鞍山,2019,95.50406846
安徽黄山2006,安徽黄山,2006,1.171510998
安徽黄山2007,安徽黄山,2007,1.239627669
安徽黄山2008,安徽黄山,2008,1.482238022
安徽黄山2009,安徽黄山,2009,1.423888915
安徽黄山2010,安徽黄山,2010,1.34221074
安徽黄山2011,安徽黄山,2011,1.34458885
安徽黄山2012,安徽黄山,2012,1.642300759
安徽黄山2013,安徽黄山,2013,1.779222963
安徽黄山2014,安徽黄山,2014,2.121114179
安徽黄山2015,安徽黄山,2015,1.990148831
安徽黄山2016,安徽黄山,2016,1.958245184
安徽黄山2017,安徽黄山,2017,2.063245048
安徽黄山2018,安徽黄山,2018,1.761504936
安徽黄山2019,安徽黄山,2019,1.804391317
安徽合肥2010,安徽合肥,2010,19.73063085
安徽淮北2010,安徽淮北,2010,55.05323692
安徽淮南2010,安徽淮南,2010,50.29227098
安徽芜湖2010,安徽芜湖,2010,25.96264775
安徽蚌埠2010,安徽蚌埠,2010,11.87159178
安徽马鞍山2010,安徽马鞍山,2010,66.93031188
安徽宿州2000,安徽宿州,2000,5.825071661
安徽宿州2001,安徽宿州,2001,3.630107948
安徽宿州2002,安徽宿州,2002,4.196032255
安徽宿州2003,安徽宿州,2003,5.483019886
安徽宿州2004,安徽宿州,2004,11.4460388
安徽宿州2005,安徽宿州,2005,12.09417248
安徽宿州2006,安徽宿州,2006,13.38638392
安徽阜阳2011,安徽阜阳,2011,11.93028043
福建三明2006,福建三明,2006,25.88252462
福建三明2007,福建三明,2007,28.5146915
福建三明2008,福建三明,2008,29.09081863
福建三明2009,福建三明,2009,29.03463314
福建三明2010,福建三明,2010,30.54060649
福建三明2011,福建三明,2011,32.60593718
福建三明2012,福建三明,2012,37.39963093
福建三明2013,福建三明,2013,39.76565084
福建三明2014,福建三明,2014,39.04748064
福建三明2015,福建三明,2015,35.76333542
福建三明2016,福建三明,2016,35.77726608
福建三明2018,福建三明,2018,34.6757077
福建三明2019,福建三明,2019,35.62861252
福建南平2006,福建南平,2006,9.883365245
福建南平2007,福建南平,2007,9.488026544
福建南平2008,福建南平,2008,7.670465162
福建南平2009,福建南平,2009,6.635460103
福建南平2011,福建南平,2011,6.339059926
福建南平2012,福建南平,2012,6.852205432
福建南平2013,福建南平,2013,6.519062632
福建南平2014,福建南平,2014,6.333947762
福建南平2015,福建南平,2015,6.144768065
福建南平2016,福建南平,2016,6.063922692
福建南平2018,福建南平,2018,5.626215887
福建南平2019,福建南平,2019,6.510956757
福建厦门2009,福建厦门,2009,14.57654375
福建厦门2011,福建厦门,2011,12.06210223
福建厦门2012,福建厦门,2012,13.15004484
福建厦门2013,福建厦门,2013,21.1706487
福建厦门2014,福建厦门,2014,17.82784048
福建厦门2015,福建厦门,2015,19.39035037
福建厦门2018,福建厦门,2018,14.74832631
福建厦门2019,福建厦门,2019,15.2432932
福建宁德2006,福建宁德,2006,4.187965725
福建宁德2007,福建宁德,2007,8.402197848
福建宁德2008,福建宁德,2008,8.207944502
福建宁德2009,福建宁德,2009,10.99378261
福建宁德2010,福建宁德,2010,15.43090948
福建宁德2011,福建宁德,2011,15.96667136
福建宁德2012,福建宁德,2012,13.33432695
福建宁德2013,福建宁德,2013,13.7363682
福建宁德2014,福建宁德,2014,16.01487416
福建宁德2015,福建宁德,2015,14.72030161
福建宁德2016,福建宁德,2016,12.54246535
福建宁德2018,福建宁德,2018,20.36806566
福建宁德2019,福建宁德,2019,20.71431062
福建泉州2005,福建泉州,2005,17.71711396
福建泉州2007,福建泉州,2007,26.06674604
福建泉州2008,福建泉州,2008,56.88502177
福建泉州2009,福建泉州,2009,34.51205327
福建泉州2010,福建泉州,2010,39.51709715
福建泉州2011,福建泉州,2011,46.84405888
福建泉州2012,福建泉州,2012,54.74583768
福建泉州2013,福建泉州,2013,53.68765856
福建泉州2014,福建泉州,2014,60.85927297
福建泉州2015,福建泉州,2015,63.47617772
福建泉州2018,福建泉州,2018,68.88363755
福建泉州2019,福建泉州,2019,69.90637884
福建漳州2007,福建漳州,2007,21.81438926
福建漳州2008,福建漳州,2008,22.08708143
福建漳州2010,福建漳州,2010,21.01052433
福建漳州2011,福建漳州,2011,26.33109338
福建漳州2012,福建漳州,2012,22.84196659
福建漳州2013,福建漳州,2013,27.19379917
福建漳州2014,福建漳州,2014,28.38098572
福建漳州2015,福建漳州,2015,26.40150889
福建漳州2016,福建漳州,2016,21.17964093
福建漳州2018,福建漳州,2018,33.36633172
福建漳州2019,福建漳州,2019,41.29778319
福建福州2002,福建福州,2002,15.45430796
福建福州2005,福建福州,2005,14.84110687
福建福州2006,福建福州,2006,19.92782948
福建福州2007,福建福州,2007,26.79418511
福建福州2008,福建福州,2008,39.69820052
福建福州2009,福建福州,2009,36.21111622
福建福州2011,福建福州,2011,54.81367909
福建福州2012,福建福州,2012,49.11358206
福建福州2013,福建福州,2013,50.41816398
福建福州2014,福建福州,2014,50.72552909
福建福州2015,福建福州,2015,41.12160761
福建福州2016,福建福州,2016,35.41863933
福建福州2018,福建福州,2018,55.0965885
福建福州2019,福建福州,2019,60.11561147
福建莆田2001,福建莆田,2001,2.267432316
福建莆田2002,福建莆田,2002,4.330695028
福建莆田2003,福建莆田,2003,5.132207791
福建莆田2006,福建莆田,2006,5.31938368
福建莆田2007,福建莆田,2007,5.150310386
福建莆田2008,福建莆田,2008,4.792477904
福建莆田2009,福建莆田,2009,6.02899364
福建莆田2010,福建莆田,2010,6.84015878
福建莆田2011,福建莆田,2011,8.658626063
福建莆田2012,福建莆田,2012,8.249052377
福建莆田2013,福建莆田,2013,8.117756454
福建莆田2014,福建莆田,2014,7.942764595
福建莆田2015,福建莆田,2015,7.270357865
福建莆田2016,福建莆田,2016,7.057376923
福建莆田2018,福建莆田,2018,15.40346685
福建莆田2019,福建莆田,2019,16.42531956
福建龙岩2005,福建龙岩,2005,16.74329911
福建龙岩2006,福建龙岩,2006,18.72957805
福建龙岩2007,福建龙岩,2007,23.48150468
福建龙岩2008,福建龙岩,2008,23.05222514
福建龙岩2009,福建龙岩,2009,22.98862611
福建龙岩2010,福建龙岩,2010,26.74459141
福建龙岩2011,福建龙岩,2011,28.19190146
福建龙岩2012,福建龙岩,2012,27.00993447
福建龙岩2013,福建龙岩,2013,26.56742431
福建龙岩2014,福建龙岩,2014,27.80095782
福建龙岩2015,福建龙岩,2015,26.44273705
福建龙岩2016,福建龙岩,2016,25.6059867
福建龙岩2017,福建龙岩,2017,27.46947019
福建龙岩2018,福建龙岩,2018,29.09103541
福建龙岩2019,福建龙岩,2019,29.10119448
福建南平2010,福建南平,2010,7.326840171
福建厦门2010,福建厦门,2010,16.89759577
福建福州2010,福建福州,2010,37.86973883
江西上饶2002,江西上饶,2002,8.324275318
江西上饶2003,江西上饶,2003,8.115354038
江西上饶2004,江西上饶,2004,8.861092725
江西上饶2005,江西上饶,2005,12.65120908
江西上饶2006,江西上饶,2006,11.51598194
江西上饶2007,江西上饶,2007,13.52993578
江西上饶2008,江西上饶,2008,17.24577154
江西上饶2009,江西上饶,2009,16.49329466
江西上饶2010,江西上饶,2010,18.21983682
江西上饶2011,江西上饶,2011,23.36974444
江西上饶2012,江西上饶,2012,20.17863061
江西上饶2013,江西上饶,2013,18.53208226
江西上饶2014,江西上饶,2014,18.04349978
江西上饶2015,江西上饶,2015,19.52818039
江西上饶2016,江西上饶,2016,18.51349793
江西上饶2017,江西上饶,2017,20.37033537
江西上饶2018,江西上饶,2018,19.55816843
江西上饶2019,江西上饶,2019,20.26711069
江西九江2000,江西九江,2000,7.394331215
江西九江2001,江西九江,2001,15.20228837
江西九江2002,江西九江,2002,14.45733673
江西九江2003,江西九江,2003,27.28624269
江西九江2004,江西九江,2004,25.24589079
江西九江2005,江西九江,2005,22.96157398
江西九江2006,江西九江,2006,21.10589255
江西九江2007,江西九江,2007,26.80554242
江西九江2008,江西九江,2008,26.01962733
江西九江2009,江西九江,2009,26.44770043
江西九江2011,江西九江,2011,29.44007188
江西九江2012,江西九江,2012,32.51498329
江西九江2013,江西九江,2013,38.37267047
江西九江2014,江西九江,2014,39.12721249
江西九江2015,江西九江,2015,34.64168145
江西九江2016,江西九江,2016,36.81950184
江西九江2017,江西九江,2017,46.52452324
江西九江2018,江西九江,2018,46.82668499
江西九江2019,江西九江,2019,52.60157239
江西南昌2000,江西南昌,2000,7.172067601
江西南昌2001,江西南昌,2001,8.605275754
江西南昌2002,江西南昌,2002,9.960851711
江西南昌2003,江西南昌,2003,11.44508159
江西南昌2004,江西南昌,2004,20.82870614
江西南昌2005,江西南昌,2005,20.34989081
江西南昌2006,江西南昌,2006,22.6984945
江西南昌2007,江西南昌,2007,22.67156329
江西南昌2008,江西南昌,2008,16.70229205
江西南昌2009,江西南昌,2009,15.18038632
江西南昌2011,江西南昌,2011,27.91858425
江西南昌2012,江西南昌,2012,23.43753033
江西南昌2013,江西南昌,2013,23.23411407
江西南昌2014,江西南昌,2014,21.79171519
江西南昌2015,江西南昌,2015,22.11809397
江西南昌2016,江西南昌,2016,22.51251186
江西南昌2017,江西南昌,2017,27.23153601
江西南昌2018,江西南昌,2018,24.35690891
江西南昌2019,江西南昌,2019,24.5562656
江西吉安2007,江西吉安,2007,5.73769277
江西吉安2008,江西吉安,2008,6.000885697
江西吉安2009,江西吉安,2009,6.03660225
江西吉安2010,江西吉安,2010,9.618763537
江西吉安2011,江西吉安,2011,11.17498267
江西吉安2012,江西吉安,2012,9.243890662
江西吉安2013,江西吉安,2013,10.90088215
江西吉安2014,江西吉安,2014,9.868003733
江西吉安2015,江西吉安,2015,10.31569021
江西吉安2016,江西吉安,2016,9.983386691
江西宜春2000,江西宜春,2000,5.801591627
江西宜春2001,江西宜春,2001,5.789291428
江西宜春2002,江西宜春,2002,6.085159907
江西宜春2003,江西宜春,2003,7.218062199
江西宜春2004,江西宜春,2004,12.54412112
江西宜春2005,江西宜春,2005,14.04986185
江西宜春2008,江西宜春,2008,23.24333258
江西宜春2009,江西宜春,2009,22.80619942
江西宜春2010,江西宜春,2010,27.9536921
江西宜春2012,江西宜春,2012,25.22595651
江西宜春2013,江西宜春,2013,25.6173566
江西宜春2014,江西宜春,2014,26.98789785
江西宜春2015,江西宜春,2015,26.95865743
江西宜春2016,江西宜春,2016,25.85506813
江西宜春2017,江西宜春,2017,24.42140677
江西抚州2008,江西抚州,2008,2.834736683
江西抚州2009,江西抚州,2009,2.548512804
江西抚州2010,江西抚州,2010,2.843391898
江西抚州2011,江西抚州,2011,3.818944311
江西抚州2012,江西抚州,2012,3.787264873
江西抚州2013,江西抚州,2013,4.174501303
江西抚州2014,江西抚州,2014,4.161746318
江西抚州2015,江西抚州,2015,3.109493907
江西抚州2016,江西抚州,2016,11.42741514
江西抚州2017,江西抚州,2017,12.22637922
江西抚州2018,江西抚州,2018,13.52914998
江西新余2001,江西新余,2001,8.649897899
江西新余2002,江西新余,2002,9.843434795
江西新余2003,江西新余,2003,12.56032178
江西新余2004,江西新余,2004,17.94814449
江西新余2006,江西新余,2006,22.09807507
江西新余2007,江西新余,2007,23.41986646
江西新余2008,江西新余,2008,23.49166935
江西新余2009,江西新余,2009,31.95782103
江西新余2011,江西新余,2011,38.03069615
江西新余2012,江西新余,2012,37.15240749
江西新余2013,江西新余,2013,37.46377449
江西新余2014,江西新余,2014,37.0488467
江西新余2015,江西新余,2015,53.56966746
江西新余2016,江西新余,2016,51.50126076
江西新余2017,江西新余,2017,44.69701429
江西景德镇2011,江西景德镇,2011,17.49946063
江西景德镇2012,江西景德镇,2012,20.64422471
江西景德镇2013,江西景德镇,2013,21.63948716
江西景德镇2014,江西景德镇,2014,24.05421816
江西景德镇2015,江西景德镇,2015,25.17955704
江西景德镇2016,江西景德镇,2016,24.21831007
江西景德镇2017,江西景德镇,2017,16.35215633
江西景德镇2018,江西景德镇,2018,15.0878274
江西萍乡2007,江西萍乡,2007,26.6144776
江西萍乡2008,江西萍乡,2008,30.73416173
江西萍乡2009,江西萍乡,2009,34.70013664
江西萍乡2011,江西萍乡,2011,41.33817615
江西萍乡2012,江西萍乡,2012,32.11041726
江西萍乡2013,江西萍乡,2013,34.89935625
江西萍乡2014,江西萍乡,2014,34.14449866
江西萍乡2015,江西萍乡,2015,28.62655008
江西萍乡2016,江西萍乡,2016,30.75416331
江西萍乡2017,江西萍乡,2017,29.41255577
江西萍乡2018,江西萍乡,2018,26.36545521
江西萍乡2019,江西萍乡,2019,25.6849604
江西赣州2007,江西赣州,2007,6.736549637
江西赣州2008,江西赣州,2008,8.886379744
江西赣州2009,江西赣州,2009,13.32273039
江西赣州2010,江西赣州,2010,12.55174891
江西赣州2011,江西赣州,2011,14.34319444
江西赣州2012,江西赣州,2012,12.14733744
江西赣州2013,江西赣州,2013,15.0175671
江西赣州2014,江西赣州,2014,14.25897199
江西赣州2015,江西赣州,2015,14.33667392
江西赣州2016,江西赣州,2016,15.09734904
江西赣州2017,江西赣州,2017,18.02770271
江西赣州2018,江西赣州,2018,19.29006095
江西赣州2019,江西赣州,2019,19.94650833
江西鹰潭2007,江西鹰潭,2007,8.684656583
江西鹰潭2008,江西鹰潭,2008,7.506278408
江西鹰潭2009,江西鹰潭,2009,5.704133639
江西鹰潭2010,江西鹰潭,2010,5.825064414
江西鹰潭2011,江西鹰潭,2011,6.862766963
江西鹰潭2012,江西鹰潭,2012,6.787124754
江西鹰潭2013,江西鹰潭,2013,15.43453903
江西鹰潭2014,江西鹰潭,2014,10.64895241
江西鹰潭2015,江西鹰潭,2015,13.7086195
江西鹰潭2016,江西鹰潭,2016,15.3639155
江西鹰潭2017,江西鹰潭,2017,15.8543606
江西鹰潭2018,江西鹰潭,2018,65.52071451
江西九江2010,江西九江,2010,23.12126354
江西南昌2010,江西南昌,2010,21.07207952
江西新余2010,江西新余,2010,28.8003398
江西景德镇2010,江西景德镇,2010,10.96599016
江西萍乡2010,江西萍乡,2010,34.11927097
山东东营1999,山东东营,1999,19.52025298
山东东营2000,山东东营,2000,11.70789713
山东东营2001,山东东营,2001,18.46395313
山东东营2002,山东东营,2002,23.3656461
山东东营2003,山东东营,2003,13.55779524
山东东营2005,山东东营,2005,20.96277037
山东东营2006,山东东营,2006,20.61264725
山东东营2007,山东东营,2007,25.91689257
山东东营2008,山东东营,2008,37.7916373
山东东营2009,山东东营,2009,32.29469735
山东东营2010,山东东营,2010,51.07939006
山东东营2011,山东东营,2011,58.901023
山东东营2012,山东东营,2012,66.55826116
山东东营2013,山东东营,2013,82.82061927
山东东营2014,山东东营,2014,106.8030697
山东东营2015,山东东营,2015,127.0862268
山东东营2016,山东东营,2016,149.5234341
山东东营2017,山东东营,2017,127.7486235
山东东营2018,山东东营,2018,60.40089682
山东东营2019,山东东营,2019,55.69542311
山东临沂2000,山东临沂,2000,17.19365079
山东临沂2001,山东临沂,2001,18.32805328
山东临沂2002,山东临沂,2002,19.99670466
山东临沂2003,山东临沂,2003,25.39196308
山东临沂2005,山东临沂,2005,53.68629374
山东临沂2006,山东临沂,2006,47.73705266
山东临沂2007,山东临沂,2007,54.09956751
山东临沂2008,山东临沂,2008,54.33500658
山东临沂2009,山东临沂,2009,57.97399344
山东临沂2010,山东临沂,2010,61.25009545
山东临沂2011,山东临沂,2011,66.12737121
山东临沂2012,山东临沂,2012,68.10379634
山东临沂2013,山东临沂,2013,67.93996076
山东临沂2014,山东临沂,2014,72.92449435
山东临沂2015,山东临沂,2015,65.56916711
山东临沂2016,山东临沂,2016,63.73102633
山东临沂2017,山东临沂,2017,60.91298213
山东临沂2018,山东临沂,2018,50.99617108
山东临沂2019,山东临沂,2019,48.63257821
山东威海2000,山东威海,2000,8.952318633
山东威海2001,山东威海,2001,9.138996572
山东威海2002,山东威海,2002,10.4832928
山东威海2003,山东威海,2003,9.11783289
山东威海2004,山东威海,2004,13.10373022
山东威海2005,山东威海,2005,19.47915786
山东威海2006,山东威海,2006,22.19229984
山东威海2007,山东威海,2007,26.39275954
山东威海2008,山东威海,2008,23.18965848
山东威海2009,山东威海,2009,22.08387624
山东威海2010,山东威海,2010,20.21810923
山东威海2011,山东威海,2011,25.93200265
山东威海2012,山东威海,2012,22.53802124
山东威海2013,山东威海,2013,24.28866871
山东威海2014,山东威海,2014,23.92037909
山东威海2015,山东威海,2015,23.40867228
山东威海2016,山东威海,2016,20.92017525
山东威海2017,山东威海,2017,23.0005752
山东威海2018,山东威海,2018,21.27840275
山东威海2019,山东威海,2019,16.79383939
山东德州1997,山东德州,1997,10.78273258
山东德州1998,山东德州,1998,9.246391209
山东德州1999,山东德州,1999,10.06297644
山东德州2000,山东德州,2000,10.19406324
山东德州2001,山东德州,2001,10.88605183
山东德州2002,山东德州,2002,10.79537426
山东德州2003,山东德州,2003,28.26274521
山东德州2004,山东德州,2004,22.72074544
山东德州2005,山东德州,2005,30.32690079
山东德州2006,山东德州,2006,27.32937805
山东德州2007,山东德州,2007,31.04518191
山东德州2008,山东德州,2008,35.45452793
山东德州2009,山东德州,2009,37.14525921
山东德州2010,山东德州,2010,36.35318888
山东德州2011,山东德州,2011,36.54479471
山东德州2012,山东德州,2012,39.45568417
山东德州2013,山东德州,2013,38.69652345
山东德州2014,山东德州,2014,39.72328869
山东德州2015,山东德州,2015,38.45585411
山东德州2016,山东德州,2016,39.26988679
山东德州2017,山东德州,2017,41.50479988
山东德州2018,山东德州,2018,44.00370362
山东德州2019,山东德州,2019,55.71703743
山东日照2000,山东日照,2000,2.970044105
山东日照2001,山东日照,2001,6.606848796
山东日照2002,山东日照,2002,6.948417669
山东日照2003,山东日照,2003,7.704210431
山东日照2005,山东日照,2005,15.09676052
山东日照2006,山东日照,2006,21.2098241
山东日照2007,山东日照,2007,26.00719265
山东日照2008,山东日照,2008,30.7517428
山东日照2009,山东日照,2009,48.09146734
山东日照2010,山东日照,2010,41.93687659
山东日照2011,山东日照,2011,47.3463821
山东日照2012,山东日照,2012,48.25141658
山东日照2013,山东日照,2013,60.65602849
山东日照2014,山东日照,2014,58.25410925
山东日照2015,山东日照,2015,60.9181686
山东日照2016,山东日照,2016,69.27018135
山东枣庄2006,山东枣庄,2006,70.3247116
山东枣庄2007,山东枣庄,2007,71.35619076
山东枣庄2008,山东枣庄,2008,71.43114071
山东枣庄2009,山东枣庄,2009,78.29128407
山东枣庄2010,山东枣庄,2010,77.97918237
山东枣庄2011,山东枣庄,2011,80.91273453
山东枣庄2012,山东枣庄,2012,80.82612243
山东枣庄2013,山东枣庄,2013,63.36986808
山东枣庄2014,山东枣庄,2014,68.62849379
山东枣庄2015,山东枣庄,2015,53.62602588
山东枣庄2016,山东枣庄,2016,47.44939756
山东枣庄2017,山东枣庄,2017,55.05945839
山东泰安2000,山东泰安,2000,12.78232489
山东泰安2001,山东泰安,2001,13.62764373
山东泰安2002,山东泰安,2002,18.45257027
山东泰安2003,山东泰安,2003,16.03637328
山东泰安2004,山东泰安,2004,17.65960744
山东泰安2005,山东泰安,2005,27.80113006
山东泰安2006,山东泰安,2006,43.29025996
山东泰安2007,山东泰安,2007,46.61108354
山东泰安2008,山东泰安,2008,47.07275901
山东泰安2009,山东泰安,2009,50.72262065
山东泰安2010,山东泰安,2010,45.45873498
山东泰安2011,山东泰安,2011,57.59234883
山东泰安2012,山东泰安,2012,39.84985705
山东泰安2013,山东泰安,2013,42.36348007
山东泰安2014,山东泰安,2014,44.74154309
山东泰安2015,山东泰安,2015,45.80229742
山东泰安2016,山东泰安,2016,35.84638662
山东泰安2017,山东泰安,2017,48.38352167
山东济南1998,山东济南,1998,13.50162103
山东济南1999,山东济南,1999,14.10576942
山东济南2000,山东济南,2000,29.59137006
山东济南2001,山东济南,2001,29.95219209
山东济南2002,山东济南,2002,33.62679298
山东济南2003,山东济南,2003,39.96102228
山东济南2004,山东济南,2004,36.01738871
山东济南2005,山东济南,2005,56.09014139
山东济南2006,山东济南,2006,62.38724873
山东济南2007,山东济南,2007,63.20017995
山东济南2008,山东济南,2008,68.71614758
山东济南2009,山东济南,2009,59.46766803
山东济南2010,山东济南,2010,62.55327114
山东济南2011,山东济南,2011,68.43371519
山东济南2012,山东济南,2012,67.07218284
山东济南2013,山东济南,2013,57.98071671
山东济南2014,山东济南,2014,58.57057985
山东济南2015,山东济南,2015,56.83659901
山东济南2016,山东济南,2016,58.67749296
山东济南2017,山东济南,2017,51.69035293
山东济南2018,山东济南,2018,43.39060703
山东济南2019,山东济南,2019,103.7151332
山东济宁2000,山东济宁,2000,22.91034362
山东济宁2001,山东济宁,2001,37.20074273
山东济宁2002,山东济宁,2002,40.55316946
山东济宁2003,山东济宁,2003,38.60484524
山东济宁2004,山东济宁,2004,52.27148012
山东济宁2005,山东济宁,2005,46.88433305
山东济宁2006,山东济宁,2006,48.35902047
山东济宁2007,山东济宁,2007,67.72950678
山东济宁2008,山东济宁,2008,69.3936166
山东济宁2009,山东济宁,2009,65.82785563
山东济宁2010,山东济宁,2010,79.08392775
山东济宁2011,山东济宁,2011,74.36886307
山东济宁2012,山东济宁,2012,75.31208829
山东济宁2013,山东济宁,2013,85.75794646
山东济宁2014,山东济宁,2014,85.32087663
山东济宁2015,山东济宁,2015,71.23690446
山东济宁2016,山东济宁,2016,58.64778671
山东济宁2017,山东济宁,2017,56.06654357
山东济宁2018,山东济宁,2018,55.8582378
山东济宁2019,山东济宁,2019,77.509961
山东淄博2000,山东淄博,2000,28.32600438
山东淄博2001,山东淄博,2001,29.40377581
山东淄博2002,山东淄博,2002,55.8016849
山东淄博2003,山东淄博,2003,43.38928435
山东淄博2004,山东淄博,2004,49.99439384
山东淄博2006,山东淄博,2006,74.46353081
山东淄博2007,山东淄博,2007,79.1247629
山东淄博2008,山东淄博,2008,76.35623586
山东淄博2009,山东淄博,2009,79.21911161
山东淄博2010,山东淄博,2010,84.61881428
山东淄博2011,山东淄博,2011,79.48219456
山东淄博2012,山东淄博,2012,77.57415114
山东淄博2013,山东淄博,2013,73.4116514
山东淄博2014,山东淄博,2014,89.11051274
山东淄博2015,山东淄博,2015,92.14041901
山东淄博2016,山东淄博,2016,94.39180375
山东淄博2017,山东淄博,2017,97.53722745
山东淄博2018,山东淄博,2018,82.11501454
山东淄博2019,山东淄博,2019,83.04730299
山东滨州2006,山东滨州,2006,23.29429809
山东滨州2007,山东滨州,2007,26.74057673
山东滨州2008,山东滨州,2008,37.64957446
山东滨州2009,山东滨州,2009,29.91382319
山东滨州2010,山东滨州,2010,48.65378719
山东滨州2011,山东滨州,2011,41.30858416
山东滨州2012,山东滨州,2012,41.46627563
山东滨州2013,山东滨州,2013,39.95706884
山东滨州2014,山东滨州,2014,48.90151447
山东滨州2015,山东滨州,2015,37.172903
山东滨州2016,山东滨州,2016,169.3283954
山东滨州2017,山东滨州,2017,144.391674
山东滨州2018,山东滨州,2018,185.5520091
山东滨州2019,山东滨州,2019,138.488645
山东潍坊2001,山东潍坊,2001,16.0529748
山东潍坊2002,山东潍坊,2002,18.43135907
山东潍坊2003,山东潍坊,2003,21.57706271
山东潍坊2005,山东潍坊,2005,37.27190046
山东潍坊2006,山东潍坊,2006,47.44554392
山东潍坊2007,山东潍坊,2007,55.55826644
山东潍坊2008,山东潍坊,2008,56.32666072
山东潍坊2009,山东潍坊,2009,55.85515724
山东潍坊2010,山东潍坊,2010,64.29173371
山东潍坊2011,山东潍坊,2011,68.90247171
山东潍坊2012,山东潍坊,2012,72.71042317
山东潍坊2013,山东潍坊,2013,70.87835865
山东潍坊2014,山东潍坊,2014,78.44290173
山东潍坊2015,山东潍坊,2015,73.2764671
山东潍坊2016,山东潍坊,2016,80.17900273
山东烟台2000,山东烟台,2000,19.24113519
山东烟台2001,山东烟台,2001,26.81247598
山东烟台2002,山东烟台,2002,28.88279909
山东烟台2003,山东烟台,2003,28.3760483
山东烟台2005,山东烟台,2005,37.36445339
山东烟台2006,山东烟台,2006,44.17787617
山东烟台2007,山东烟台,2007,46.48444239
山东烟台2008,山东烟台,2008,48.46856914
山东烟台2009,山东烟台,2009,46.75265084
山东烟台2010,山东烟台,2010,49.71301669
山东烟台2011,山东烟台,2011,51.94126951
山东烟台2012,山东烟台,2012,50.93988126
山东烟台2013,山东烟台,2013,55.988633
山东烟台2014,山东烟台,2014,55.87218559
山东烟台2015,山东烟台,2015,56.53505224
山东烟台2016,山东烟台,2016,55.90832224
山东烟台2017,山东烟台,2017,52.07306715
山东烟台2018,山东烟台,2018,51.53815587
山东烟台2019,山东烟台,2019,57.81035736
山东聊城2006,山东聊城,2006,35.46058367
山东聊城2007,山东聊城,2007,38.19926928
山东聊城2008,山东聊城,2008,37.16303918
山东聊城2009,山东聊城,2009,38.34386953
山东聊城2015,山东聊城,2015,49.20757765
山东聊城2016,山东聊城,2016,58.62811895
山东聊城2017,山东聊城,2017,49.06089323
山东聊城2019,山东聊城,2019,69.32681934
山东莱芜2000,山东莱芜,2000,12.94076869
山东莱芜2002,山东莱芜,2002,16.20306454
山东莱芜2003,山东莱芜,2003,20.86984869
山东莱芜2005,山东莱芜,2005,44.97686735
山东莱芜2006,山东莱芜,2006,53.21044393
山东莱芜2007,山东莱芜,2007,64.45057342
山东莱芜2008,山东莱芜,2008,54.20794139
山东莱芜2009,山东莱芜,2009,57.33389853
山东莱芜2010,山东莱芜,2010,64.54654588
山东莱芜2011,山东莱芜,2011,66.39107499
山东莱芜2012,山东莱芜,2012,67.2056864
山东莱芜2013,山东莱芜,2013,74.05543997
山东莱芜2014,山东莱芜,2014,74.91319141
山东莱芜2015,山东莱芜,2015,73.2701413
山东莱芜2016,山东莱芜,2016,78.42953896
山东莱芜2017,山东莱芜,2017,80.27752147
山东菏泽1998,山东菏泽,1998,3.816469655
山东菏泽2000,山东菏泽,2000,3.389795003
山东菏泽2001,山东菏泽,2001,3.47478239
山东菏泽2002,山东菏泽,2002,6.031750263
山东菏泽2003,山东菏泽,2003,5.978946666
山东菏泽2004,山东菏泽,2004,9.058320307
山东菏泽2005,山东菏泽,2005,10.94501331
山东菏泽2006,山东菏泽,2006,13.9578986
山东菏泽2007,山东菏泽,2007,15.36302048
山东菏泽2008,山东菏泽,2008,16.83256399
山东菏泽2009,山东菏泽,2009,18.35842742
山东菏泽2011,山东菏泽,2011,27.48032276
山东菏泽2012,山东菏泽,2012,35.25433478
山东菏泽2013,山东菏泽,2013,34.87593703
山东菏泽2014,山东菏泽,2014,45.62590473
山东青岛2000,山东青岛,2000,23.00105383
山东青岛2001,山东青岛,2001,26.14973921
山东青岛2002,山东青岛,2002,23.97525082
山东青岛2003,山东青岛,2003,30.40127559
山东青岛2004,山东青岛,2004,39.76183338
山东青岛2005,山东青岛,2005,56.41257613
山东青岛2006,山东青岛,2006,56.01183038
山东青岛2007,山东青岛,2007,53.21901564
山东青岛2008,山东青岛,2008,63.22941515
山东青岛2009,山东青岛,2009,62.93964095
山东青岛2010,山东青岛,2010,68.8246075
山东青岛2011,山东青岛,2011,67.29785856
山东青岛2012,山东青岛,2012,68.18423539
山东青岛2013,山东青岛,2013,56.16585196
山东青岛2014,山东青岛,2014,54.31095633
山东青岛2015,山东青岛,2015,50.02995625
山东青岛2016,山东青岛,2016,55.31660326
山东青岛2017,山东青岛,2017,57.54878132
山东青岛2018,山东青岛,2018,63.08716356
山东青岛2019,山东青岛,2019,49.41027056
山东菏泽2010,山东菏泽,2010,20.6946168
